{
  "total_companies": 48163,
  "total_funding": 618063289222.0,
  "avg_funding": 15429209.876229467,
  "median_funding": 1951937.0,
  "operating_rate": 85.20441002429251,
  "avg_rounds": 1.675892282457488,
  "dutch_companies": 305,
  "dutch_total_funding": 4014212916.0,
  "dutch_avg_funding": 18758004.28037383,
  "dutch_operating_rate": 85.90163934426229,
  "dutch_avg_rounds": 1.459016393442623,
  "dutch_scaleup_ratio": 36.08247422680412
}